<?xml version="1.0" encoding="UTF-8"?>
<beans xmlns="http://www.springframework.org/schema/beans"
	xmlns:xsi="http://www.w3.org/2001/XMLSchema-instance" 
	xmlns:mvc="http://www.springframework.org/schema/mvc"
	xmlns:context="http://www.springframework.org/schema/context"
	xmlns:task="http://www.springframework.org/schema/task"

	xsi:schemaLocation="
        http://www.springframework.org/schema/mvc http://www.springframework.org/schema/mvc/spring-mvc-4.0.xsd
        http://www.springframework.org/schema/beans http://www.springframework.org/schema/beans/spring-beans-4.0.xsd
        http://www.springframework.org/schema/context http://www.springframework.org/schema/context/spring-context-4.0.xsd
        http://www.springframework.org/schema/task http://www.springframework.org/schema/task/spring-task.xsd">

	<!-- optional; default is to use SimpleAsyncTaskExecutor -->
	<bean id="asyncTaskExecutor" class="org.springframework.scheduling.concurrent.ThreadPoolTaskExecutor">
	    <property name="corePoolSize" value="5" />
	    <property name="maxPoolSize" value="10" />
	    <property name="queueCapacity" value="25" />
	</bean>

	<mvc:annotation-driven>
		<!-- only works with mvc schema >= 3.2 !! -->
	    <mvc:async-support default-timeout="3000" task-executor="asyncTaskExecutor"/>
	</mvc:annotation-driven>

	<task:annotation-driven/> <!-- enable @Scheduled methods -->

</beans>