<configuration>
<!-- 	<contextListener class="ch.qos.logback.classic.jul.LevelChangePropagator"> -->
<!-- 		<resetJUL>true</resetJUL> -->
<!-- 	</contextListener> -->

	<appender name="STDOUT" class="ch.qos.logback.core.ConsoleAppender">
		<encoder>
			<pattern>%d{HH:mm:ss.SSS} [%thread] %-5level %logger{36} - %msg%n
			</pattern>
		</encoder>
	</appender>

	<logger name="nl.ordina" level="DEBUG" />
	<logger name="org.springframework" level="INFO" />
	<logger name="org.apache.activemq" level="INFO" />

	<!--  Jetty -->
	<logger name="org.eclipse.jetty" level="INFO" /> 
	<logger name="jndi" level="INFO" />

	<root level="DEBUG">
		<appender-ref ref="STDOUT" />
	</root>

</configuration>