<?xml version="1.0"?>
<!DOCTYPE Configure PUBLIC "-//Jetty//Configure//EN" "http://www.eclipse.org/jetty/configure.dtd">
<Configure id="Server" class="org.eclipse.jetty.server.Server">
    <New id="httpConfig" class="org.eclipse.jetty.server.HttpConfiguration">
        <Set name="outputBufferSize">32768</Set>
        <Set name="requestHeaderSize">8192</Set>
        <Set name="responseHeaderSize">8192</Set>
        <Set name="sendServerVersion">true</Set>
        <Set name="sendDateHeader">false</Set>
        <Set name="headerCacheSize">512</Set>
    </New>
</Configure>
